transaction_id,account_id,instrument_id,transaction_type,trade_date,quantity,price,amount,status
T5000001,A00014,I0067,BUY,2026-09-19,31.667,845.61,26777.93,SETTLED
T5000002,A00147,I0038,SELL,2026-09-19,10.599,176.09,1866.38,SETTLED
T5000003,A00076,I0053,BUY,2026-09-19,58.144,14.35,834.37,SETTLED
T5000004,A00094,I0040,BUY,2026-09-19,35.016,517.70,18127.78,PENDING
T5000005,A00022,I0026,BUY,2026-09-19,33.462,101.81,3406.77,SETTLED
T5000006,A00022,I0013,BUY,2026-09-19,2.975,2200.98,6547.92,SETTLED
T5000007,A00120,I0051,DIVIDEND,2026-09-19,0,0,1184.71,SETTLED
T5000008,A00086,I0074,SELL,2026-09-19,50.361,114.93,5787.99,SETTLED
T5000009,A00116,I0030,SELL,2026-09-19,35.443,1765.99,62591.98,SETTLED
T5000010,A00062,I0050,BUY,2026-09-19,10.036,99.59,999.49,SETTLED
T5000011,A00032,I0071,FEE,2026-09-19,0,0,125.00,SETTLED
T5000012,A00129,I0001,BUY,2026-09-19,54.543,1001.74,54637.90,SETTLED
T5000013,A00145,I0062,SELL,2026-09-19,30.652,947.57,29044.92,SETTLED
T5000014,A00150,I0024,BUY,2026-09-19,16.203,250.57,4059.99,SETTLED
T5000015,A00108,I0058,DIVIDEND,2026-09-19,0,0,417.10,SETTLED
T5000016,A00077,I0017,BUY,2026-09-19,18.455,2210.97,40803.45,SETTLED
T5000017,A00050,I0060,BUY,2026-09-19,19.468,96.35,1875.74,SETTLED
T5000018,A00014,I0010,BUY,2026-09-19,20.054,1896.20,38026.39,PENDING
T5000019,A00119,I0013,BUY,2026-09-19,5.855,2191.34,12830.30,SETTLED
T5000020,A00006,I0023,BUY,2026-09-19,39.639,601.37,23837.71,SETTLED
